Blockchain Company,ICO Size (in millions),Market Capitalization
AdBank (ADB), $ 14.00 ,"2,569,335"
AIRBLOC Protocol, $ 10.43 ,"14,230,777.18"
Airswap (AIG), $ 24.55 ,"90,190,388"
Aragon, $ 24.75 ,"213,548,056"
Basic Attention Token, $ 35.00 ,"1,142,346,629"
Augur, $ 5.14 ,"275,855,598"
Bancor, $ 153.00 ,"913,680,711"
Civic, $ 33.00 ,"323,873,496"
Decent, $ 4.13 ,"737,747"
Ethereum, $ 18.44 ,"323,875,260,240"
Filecoin, $ 262.00 ,"6,769,338,877"
Iota, $ 0.44 ,"3,604,016,251"
Polkadot (DOT), $ 144.59 ,"25,966,741,676"
Storj, $ 29.22 ,"490,970,433"
Bitscreener,6.72,"6,815,461.34"
CanYa, $ 8.34 ,"11,291,428"
Cruisebit,16,"28,435.00"
DACC,13.53,"2,568,260.56"
Databroker DAO, $ 3.54 ,"11,734,108.01"
Dent, $ 4.10 ,"357,381,659"
Digital Ticks, $ 30.00 ,"1,059,289.60"
DigixDAO, $ 5.50 ,"48,801,103"
DreamTeam, $ 5.52 ,"740,719.14"
DreamTeam (DREAM), $ 6.00 ,"740,719.14"
Elysian, $ 7.00 ,"2,490,652.51"
Elysian,7,"2,495,822.61"
Essentia, $ 25.50 ,"5,636,582.86"
FANTOM, $ 39.65 ,"1,057,029,272.71"
First Blood, $ 5.50 ,"260,382,989"
Gnosis, $ 12.25 ,"1,874,249,851"
HelloGold (HGT), $ 5.14 ,"913,884"
Iconomi, $ 10.50 ,"21,673,356.34"
INCX, $ 5.13 ,"284,076.00"
Komodo, $ 1.98 ,"323,767,301"
KyberNetwork, $ 53.01 ,"512,611,356"
Lisk, $ 5.80 ,"524,001,383"
Lykke, $ 1.21 ,"15,250,771"
MaidSafeCoin, $ 6.00 ,"337,486,747"
Mega X, $ 2.47 ,
Melon, $ 2.90 ,"322,834,183.61"
Metronome, $ 10.16 ,"48,851,830.83"
Midas Protocol,9.02,"860,501.28"
Modum.io, $ 13.50 ,"574,146.57"
MoneyToken, $ 1.50 ,"1,545,875"
MoneyToken (IMT), $ 37.19 ,"50,198,553.60"
NeuCoin, $ 0.63 ,
OmiseGO, $ 21.00 ,
OneLedger, $ 15.00 ,"9,739,473.47"
Orbs, $ 118.00 ,"776,594,797.00"
Raiden Network (RDN), $ 33.13 ,"47,586,708"
Santiment, $ 12.09 ,"14,558,315"
SCORUM (SCR), $ 5.63 ,"350,088"
Status, $ 95.00 ,"644,653,197"
Streamr, $ 27.00 ,"79,376,936"
TenX, $ 83.11 ,"15,449,440"
Ternio, $ 3.00 ,"8,215,802.61"
The Abyss (DAICO), $ 15.36 ,"27,168,939"
TraceTo, $ 12.50 ,
Utrum,1.16,"1,008,494.28"
0Chain (ZCHN), $ 39.00 ,"278,654,507"
0xcert Protocol,9.45,"1,012,097.54"
21 Million, $ 0.38 ,
300cubits, $ 1.10 ,
4New, $ 41.50 ,"248,713.84"
A2B Taxi, $ 1.50 ,
Acudeen, $ 35.00 ,
Adel, $ 1.21 ,"4,538,083"
Adenium, $ 1.93 ,
AdEx, $ 12.31 ,"141,500,875"
AdHive, $ 17.50 ,"215,839.12"
Aditus, $ 7.10 ,"548,676"
Adshares (ADST), $ 12.00 ,"18,558,369"
aelf, $ 24.75 ,"256,093,519"
Aeron, $ 5.35 ,"1,303,045"
Aeternity, $ 22.63 ,"97,339,437"
Agrello, $ 26.14 ,"11,228,167"
Ahoolee, $ 0.14 ,
AidCoin, $ 18.63 ,"2,659,535.96"
Aigang (AIG), $ 4.16 ,"70,358"
Aion Pre-sale, $ 8.08 ,"93,960,257"
Aira, $ 1.02 ,
AIRCOIN, $ 27.99 ,"2,602,272"
AIREN, $ 19.00 ,
Airtoken (AIR), $ 15.00 ,
Aitheon, $ 25.35 ,"196,369.91"
Alchemint, $ 30.00 ,"473,008.41"
Alpen Coin, $ 2.43 ,
Alttex (ALTTEX), $ 5.83 ,"15,858.22"
Ambit, $ 4.00 ,
Ambrosus (AMB), $ 32.51 ,"28,535,820"
AMLT, $ 19.04 ,"15,275,483"
Anryze, $ 1.76 ,
Antshares, $ 3.50 ,"5,710,299,672"
APEX, $ 25.00 ,
Aphelion, $ 4.78 ,
AppCoins, $ 17.10 ,"21,434,804"
Apptrade, $ 0.24 ,
Arbidex (ABX), $ 16.24 ,"470,927"
Arcade City, $ 0.64 ,
ArcBlock (ABT), $ 45.00 ,"24,156,195.88"
Arcona,3.4,"1,140,858.79"
Ark, $ 1.00 ,"208,087,395"
ARToken, $ 2.81 ,
Arweave (AR), $ 8.70 ,"1,086,192,460.14"
Assetereum, $ 4.19 ,
Astronaut, $ 2.35 ,"23,425,383"
ATB Coin, $ 17.60 ,"651,391"
ATLANT (ATL), $ 6.63 ,"2,103,984"
Atlantis Blue Digital,23.9,
Atonomi, $ 25.00 ,"99,870.00"
Auctus, $ 3.87 ,"7,891,100"
Augmentors, $ 1.09 ,
Aurora (DVIP), $ 5.30 ,"26,502,097"
Aventus, $ 17.31 ,"4,770,951"
AXpire (AXP), $ 20.00 ,
B2BX, $ 8.81 ,"2,316,061.70"
BABB, $ 20.00 ,"45,283,082"
Back to Earth, $ 0.97 ,
Banca (BANC), $ 20.00 ,"1,026,145"
Bank4YOU (BFY), $ 8.12 ,
Bankera, $ 150.95 ,"37,091,602"
Bankex (BKX), $ 70.30 ,"3,228.00"
BEAT,3.3,
Bee Token (BEE), $ 15.00 ,"207,614.25"
Berith, $ 9.48 ,
BETEX, $ 10.23 ,
BetKing, $ 0.55 ,
Betmaster (BETM), $ 5.24 ,
Betrium, $ 1.50 ,
Beyond the Void, $ 0.33 ,
Bezant, $ 27.50 ,"349,255"
Biocoin (BIO), $ 16.00 ,
Biometrids, $ 0.07 ,
Biotron.io, $ 4.03 ,"297,211"
BIT.GAME, $ 6.65 ,
BitCar, $ 9.30 ,
BitClave (CAT), $ 25.55 ,"1,363,620.00"
BitcoinGrowthFund, $ 19.35 ,
BitDegree, $ 22.13 ,"965,984"
BitDice, $ 8.72 ,74
Bitgoals,19,
BitGuild, $ 13.41 ,"8,980,808"
bitJob, $ 2.65 ,
BitMart (BMX), $ 6.30 ,"116,262,159"
Bitmax,13.7,"2,161.72"
Bitnation, $ 1.34 ,"167,973"
Bitquence, $ 1.23 ,
Bitrace, $ 1.82 ,
BitRewards (BIT), $ 6.60 ,"63,906.77"
Bitto Exchange (Token Sale Phase-1), $ 1.11 ,"2,394,506"
Bittwatt, $ 20.00 ,"1,730,724.94"
Block Collider, $ 7.01 ,
Block.Array (ARY), $ 14.40 ,
BlockBank, $ 12.83 ,"53,469,501.00"
BlockCDN, $ 0.30 ,"1,079,634"
Blockchain Capital, $ 10.00 ,
Blockchain Terminal, $ 21.50 ,
blockhive, $ 0.32 ,
BlockPay, $ 0.66 ,
BlockPool, $ 1.75 ,
Blockport (BPT), $ 15.00 ,"18,960,560.73"
Blockstack (STX), $ 50.00 ,"1,803,300,886"
Blocktix, $ 6.89 ,"406,952"
Blocktix, $ 6.98 ,"407,071"
BLOCKv (VEE), $ 21.07 ,"54,648,275"
Bloom (BLT), $ 40.00 ,"13,496,700.00"
Blue Whale, $ 22.70 ,"1,733,160"
Bluzelle (BLZ), $ 19.50 ,"97,546,151"
Bnk To The Future (BFT), $ 33.00 ,"69,135,247"
Bob's Repair, $ 18.64 ,"2,719,478"
Boon.Tech, $ 5.00 ,
BOScoin, $ 17.92 ,"1,126,268"
Boulè (BUO), $ 0.18 ,
Bounty0x, $ 1.60 ,"802,345"
Bread, $ 20.02 ,"14,905,436"
Breakout Coin, $ 0.56 ,
BricBit, $ 1.05 ,
Brickblock, $ 12.72 ,"1,611,524.17"
Brickblock (BBT), $ 4.89 ,"1,611,524.17"
Bubbletone Blockchain In Telecom (UMT), $ 8.60 ,
Budbo, $ 11.73 ,
Cappasity, $ 5.10 ,"3,290,286"
Carboneum,6.34,"352,396.50"
Cardstack (CARD), $ 6.50 ,
Cardstack (CARD), $ 35.00 ,"51,291,844.61"
CarTaxi (CTX), $ 8.71 ,
CarVertical (CV), $ 19.90 ,"7,014,247"
Cashaa (CAS), $ 11.15 ,"34,871,780"
CashScripter, $ 0.19 ,
CEDEX, $ 14.00 ,
CEEK, $ 17.34 ,"3,922,084.00"
Celsius (CEL), $ 50.00 ,"5,385,833,730"
CGCX,1.93,53165645
Chain of Points, $ 0.01 ,
Chainium, $ 3.44 ,1930000
ChainTrade (CTC), $ 30.00 ,
Change Bank (CAG), $ 15.83 ,"1,243,984.04"
Chronobank, $ 5.40 ,
ClearCoin (CLR), $ 6.10 ,
Clinicoin, $ 3.30 ,
CLN, $ 22.90 ,
CloudMoolah, $ 12.30 ,
Clout, $ 2.65 ,"1,115,904"
COBINHOOD (COB), $ 13.38 ,"359,974"
Cobol Network, $ 5.55 ,
Codex Protocol Pre-Sale,12,
Cofound.it, $ 11.34 ,
Coin Lion (LION), $ 7.00 ,"23,640,146.86"
CoinDash, $ -   ,
CoinDash, $ 0.14 ,"20,266,290.00"
CoinFi (COFI), $ 15.00 ,"1,476,114"
CoinHealth, $ 7.00 ,
Coinlancer, $ 11.86 ,"8,390,312"
CoinMetro, $ 14.61 ,"114,330,188"
CoinMetro (COIN), $ 14.79 ,
CoinStarter (STC), $ 8.52 ,
Coinvest, $ 5.30 ,
Colu Local Network, $ 14.50 ,"30,506,491.59"
CommerceBlock, $ 8.82 ,"1,716,790.00"
COMSA , $ 95.37 ,"234,375,258.86"
Concierge.io, $ 2.56 ,
Contingency, $ 0.39 ,
Cool Cousin, $ 10.28 ,
Cool Cousin (Pre-Sale), $ 6.79 ,
COPYTRACK, $ 11.09 ,
Copytrack (CPY), $ 11.00 ,
Corion, $ 1.88 ,"990,018"
Cosmos, $ 0.39 ,"4,133,386,080"
Cosmos Network, $ 16.80 ,
COSS, $ 2.36 ,"1,180,869.14"
Counterparty, $ 1.79 ,"6,365,209.82"
Countinghouse Fund, $ 4.72 ,"1,530,122.88"
Covesting, $ 18.75 ,"8,579,681"
Covesting, $ 18.75 ,"8,518,637"
CPChain, $ 30.00 ,"8,138,115"
Creativechain, $ 0.35 ,
Crederoom (CDRT), $ 5.13 ,
Credit Protocol, $ 15.30 ,"427,260"
CREDITS, $ 22.57 ,"14,369,225"
Crowd Genie, $ 5.55 ,
CrowdCoinage (CCOS), $ 6.00 ,
Crowdwiz (WIZ), $ 7.23 ,"1,218,614"
CrowdWiz (WIZ) Pre-Sale, $ 5.39 ,"1,218,614"
CRYCASH, $ 7.76 ,"236,445.43"
CryptalDash Exchange (CRD), $ 15.29 ,"7,373,057.78"
Crypterium (CRPT), $ 51.66 ,"19,998,081"
Crypto 20 (C20), $ 34.93 ,"155,420,261"
Crypto.tickets, $ 1.75 ,
CryptoAds,3.23,"3,567,650.07"
Cryptopay (CPAY), $ 18.03 ,"6,011,340"
CryptoPing, $ 0.39 ,"2,044,483"
Cryptosolartech,68.98,"1,058,221.00"
CrypViser, $ 3.93 ,
Crystal Clear, $ 3.50 ,
Cubaaz, $ 20.45 ,
Current (CRNC), $ 36.00 ,
CVProof (INK), $ 15.00 ,
CyberMiles (CMT), $ 34.37 ,"15,003,955"
CyberTrust (CABS), $ 17.60 ,
Cypherium, $ 25.00 ,
DacPlay, $ 0.59 ,
dadi, $ 29.00 ,
Dank Signals, $ 3.43 ,
DAOstack, $ 30.00 ,"4,123,147"
Darcrus, $ 0.30 ,
DATA (DTA), $ 38.00 ,"8,199,830"
Datarius, $ 1.61 ,"107,684.80"
DataWallet (DXT), $ 40.00 ,"434,524.97"
Datum (DAT), $ 7.42 ,"5,652,311"
DAV Network, $ 28.51 ,"2,025,595"
Dbrain, $ 2.50 ,
DCC, $ 26.20 ,"2,510,853.00"
DCORP, $ 5.05 ,"81,506.24"
Debitum Network, $ 17.20 ,"987,402"
DeepBrain Chain, $ 11.76 ,"120,441,392"
DEEX (DEEX), $ 9.90 ,"1,531,266"
Denaro (DNO), $ 8.60 ,
Dentacoin, $ 1.92 ,"328,281,801"
DetectorToken, $ 0.29 ,
Dether, $ 13.44 ,"1,231,818.88"
Devery (EVE), $ 10.00 ,"540,915"
Devery Pre-sale, $ 1.33 ,"544,183"
Devnetwork (DEV), $ 8.10 ,
Dfinity, $ 3.75 ,
Digital Credit,1.16,
Digitex Futures Exchange (DGTX), $ 7.00 ,"15,060,020.56"
DigixGlobal, $ 5.50 ,"4,625,978"
DimCoin, $ 4.70 ,
Disciplina,13.92,"2,676,823.17"
district0x Network, $ 13.19 ,"177,285,632"
DMarket, $ 11.97 ,"42,347,692"
DMarket (DMT), $ 16.18 ,"40,806,324"
DML, $ 10.43 ,"166,037"
doc.ai (NRN), $ 13.75 ,
Docademic, $ 1.10 ,"3,131,330"
Dock.Io (DOCK), $ 20.00 ,"63,264,653"
DomRaider, $ 49.09 ,"4,063,507"
Dorado, $ 20.00 ,no data
Dovu, $ 9.09 ,"18,642,164"
Dragon, $ 320.00 ,"1,680,652"
Dragonchain, $ 13.19 ,"64,657,363"
DRG Token, $ 3.93 ,"1,656,039"
E4ROW, $ 0.86 ,
Earth Token (ETN), $ 5.00 ,"2,609,115.00"
EBCoin, $ 8.52 ,"1,853,829"
EcoBit, $ 3.49 ,
EdenChain, $ 1.90 ,
Edgeless, $ 2.65 ,"693,229"
Effect.Ai (EFX), $ 13.60 ,"24,866,114"
Eidoo, $ 27.22 ,
EiraCube, $ 0.91 ,
Elastic, $ 0.42 ,
Elastos (ELA), $ 70.00 ,"118,946,321"
Electrify.Asia (ELEC), $ 30.00 ,"1,194,330"
Electroneum (ETN), $ 40.95 ,"192,372,026"
Eligma, $ 10.06 ,"18,291,687.06"
Embermine, $ 0.08 ,
EncryptoTel, $ 4.52 ,"181,548.11"
Endor (EDR), $ 45.00 ,"51,291,642"
Energi Token (ETK), $ 15.00 ,"77,250.00"
Engagement Token, $ 19.00 ,"18,279.50"
Enigma Catalyst, $ 45.00 ,"3,923,859"
Enjin, $ 22.93 ,"1,479,003,597"
Envion, $ 100.00 ,"6,594,524.14"
EOS," $ 4,200.00 ","6,023,251,387.93"
Equibit, $ 1.14 ,
Equitybase, $ 5.83 ,
Eros, $ 4.86 ,
Esports, $ 5.84 ,"776,047.40"
ESR Wallet Pre-Sale, $ 0.99 ,
ETCWin, $ 1.31 ,
Ethbits, $ 1.28 ,
Etheera, $ 0.03 ,"33,229.67"
Ether.camp, $ 0.65 ,
Etherisc,3.79,"182,418,072.05"
ETHernitymining,2.5,
Etheroll, $ 0.29 ,"9,493,661"
Etherparty (FUEL), $ 31.87 ,"911,899"
EthLend (LEND), $ 16.74 ,"10,776,937"
Eticket4, $ 1.00 ,
European Crypto Bank,1.96,
EximChain, $ 20.00 ,
Exolover,2.32,
Experty (EXY), $ 9.50 ,"7,591,323"
Exscudo, $ 5.30 ,
Fabric Token, $ 1.05 ,
FaceCoin, $ 0.84 ,
Faceter (FACE), $ 28.61 ,"3,284,967"
Factom, $ 0.54 ,"17,674,135"
Farma Trust,15,
fidentiaX, $ 1.57 ,"270,580.05"
Finom, $ 41.29 ,
FinShi Capital, $ 9.64 ,
FinShi Capital (FINS), $ 21.41 ,
FintruX Network (FTX), $ 25.00 ,"1,267,061"
Fire Lotto, $ 4.24 ,"363,197"
Flashmoni, $ 72.00 ,
Flixxo (FLIXX), $ 5.10 ,"9,252,665"
FLOGmall,23.21,
FluzFluz (FLUZ), $ 20.48 ,
FootballCoin, $ 2.42 ,"10,164,618"
Fort Knoxster (FKX), $ 15.00 ,"8,373,446"
FORTUNA, $ 2.00 ,"488,939"
Forty Seven Bank, $ 12.21 ,"58,094"
Fox Trading, $ 0.30 ,"139,318.48"
Friendz (FDZ), $ 13.75 ,"2,286,085"
Fuck, $ 0.30 ,
fujinto, $ 2.01 ,
Fund Platform, $ 4.43 ,
FundRequest, $ 12.10 ,"152,481.92"
FundYourselfNow, $ 0.74 ,
Fusion (FSN), $ 44.00 ,"62,135,598"
FuzeX, $ 36.25 ,"7,944,857.77"
Gagapay Network,1.3,
Game Stars,2.27,
Gameflip (FLP), $ 16.10 ,
Garuda Energy, $ 10.00 ,
GatCoin, $ 14.50 ,
Gatcoin (presale) (GAT), $ 9.00 ,"1,062,490.00"
GBX, $ 27.00 ,
Genaro Network (GNX), $ 11.61 ,"16,130,866"
Genesis Vision, $ 2.84 ,"19,095,261"
Genie (CGCOIN), $ 5.55 ,
GeoFounders, $ 0.23 ,
GetGems, $ 0.74 ,
Gibraltar Blockchain Exchange(RKT), $ 27.00 ,
GIFcoin, $ 2.80 ,
GIFTO, $ 10.00 ,"39,676,509"
Giga Watt, $ 18.68 ,"1,244,844.02"
Gilgam, $ 0.22 ,
Gilgam.es, $ 0.21 ,
Gimli, $ 1.72 ,"73,056.00"
Gladius, $ 14.68 ,"168,498"
Globitex, $ 12.50 ,"1,476,450.68"
GoChain, $ 13.69 ,"31,588,289.16"
GoHelpFund, $ 0.11 ,"41,014"
Golem, $ 8.60 ,"279,129,872.00"
Golos, $ 0.45 ,
GOToken,21,"205,916.00"
Grain, $ 11.30 ,"1,038,613"
Grain Pre-sale, $ 2.10 ,"1,075,418"
Gramaton Token,7,
GreenWorld Farm,4.6,
Grid+ (GRID), $ 38.95 ,"70,572,422"
GUTS Tickets, $ 7.52 ,"100,052,520"
Hacken (HKN), $ 5.00 ,"135,370,171"
Hackspace Capital, $ 4.80 ,
Hade, $ 4.14 ,
Hamster Marketplace, $ 4.38 ,0
Havven, $ 30.00 ,"182,687,823"
Hdac, $ 20.00 ,"177,220,628"
HEAT, $ 0.90 ,"2,163,911"
Hedge, $ 2.16 ,"63,918,609"
Helbiz, $ 5.50 ,
Hero Node, $ 21.77 ,"1,207,938"
Hero Token (HERO), $ 30.29 ,
HEROcoin, $ 8.17 ,"5,779,540"
HOLD, $ 11.30 ,"1,825,972"
Holo, $ 20.39 ,"1,515,405,173"
Honeybee,0.18,
HOQU (HOQU), $ 18.70 ,"771,532"
Horizon State, $ 0.89 ,
Hubii, $ 6.68 ,"70,976,948"
Humaniq, $ 5.16 ,"5,907,034"
Huobi, $ 300.00 ,"7,841,517,848"
Hut34, $ 3.38 ,
HybridBlock, $ 47.83 ,"184,122.20"
HYCON, $ 3.65 ,"6,348,010"
IAC AutoUnit,10.69,
ICObox, $ 12.05 ,
Icoo, $ 0.37 ,
iDice, $ 2.02 ,
IEX.EC, $ 12.12 ,"410,678,897"
Ignis (IGNIS), $ 18.30 ,"95,528,344"
Ignite Ratings, $ 3.00 ,
Impak Finance, $ 1.05 ,
Incent, $ 1.00 ,"6,734,224"
indaHash, $ 42.72 ,"2,359,605"
Indorse, $ 7.98 ,"2,392,693"
Ink Protocol, $ 15.00 ,"1,105,584"
INS Ecosystem, $ 45.76 ,
Insights Network (INSTAR), $ 17.40 ,"8,062,671.19"
Inspeer, $ 2.00 ,
InsurePal (IPL), $ 18.00 ,
Insureum, $ 20.00 ,"8,625,759"
InsureX, $ 17.27 ,
Intelligent Trading Tech, $ 3.12 ,
Internet of Coins, $ 1.10 ,
Internxt, $ 0.16 ,"3,226,817"
intimate, $ 12.50 ,
iOlite (Pre-Sale), $ 2.23 ,
Ionomy, $ 0.50 ,
IP Exchange (IPSX), $ 7.90 ,"328,250.66"
IQeon, $ 1.63 ,"11,790,821"
iungo, $ 45.98 ,"143,072.60"
JET8, $ 32.70 ,
Jibrel Network, $ 30.00 ,
Jibrel Network, $ 30.00 ,
Joy Token, $ 3.34 ,
JOYSO, $ 4.10 ,"13,209,200.00"
Just Dating Site, $ 0.35 ,
Karios,13,
Kerberos ICO, $ 0.66 ,
Kibo Lotto, $ 1.90 ,
KICKICO, $ 17.12 ,
KIK, $ 98.00 ,
Kleros,2.44,"126,762,641.40"
Knowledge, $ 7.69 ,"6,009,883,417"
KodakOne, $ 2.00 ,
Kora Network (KNT), $ 12.00 ,"525,285.70"
L Pesa, $ 7.96 ,
LaLa World (LALA), $ 20.20 ,
Lamden (TAU), $ 10.00 ,"13,150,106"
Latium (LATX), $ 14.00 ,
LAToken (LAT), $ 19.36 ,"120,502,600"
LeadCoin (LDC), $ 50.00 ,"452,670"
Legends Room, $ 1.23 ,
Legolas Exchange (LGO), $ 35.00 ,
LemoChain, $ 6.30 ,"28,654,016"
Lendingblock, $ 10.00 ,"2,774,495"
Lendroid, $ 47.50 ,"15,289,996.70"
Leverj (LEV), $ 13.84 ,
LeviarCoin, $ 0.77 ,
LH-Crypto, $ 10.81 ,
Libra Credit, $ 26.40 ,"4,039,140.89"
LikeCoin, $ 5.40 ,"43,165,547"
LinkerCoin, $ 10.13 ,"25,000,837"
Liquidity Network,23.61,"1,484,491.96"
LiveEdu, $ 10.00 ,
LiveTree Adept, $ 0.10 ,
Loci, $ 7.38 ,"295,422.00"
LockChain, $ 4.06 ,
Loki, $ 9.00 ,
LoyalCoin (LYL), $ 13.25 ,
Luna (LUNA), $ 12.00 ,
Lunyr, $ 5.32 ,"495,773"
Lykke (1st round), $ 1.15 ,
Lykke (2nd round), $ 1.97 ,
Lympo, $ 16.86 ,"19,269,651"
MAD Network, $ 25.00 ,"1,693,732"
Maecenas (ART), $ 15.40 ,"719,769"
Mandala,18,"47,621,149.87"
Market.Space (MASP), $ 15.20 ,
MassNetwork, $ 0.25 ,
Matchpool, $ 5.63 ,
MatrixChain (MAN), $ 12.60 ,"42,420,389"
Matryx, $ 1.98 ,"10,674,554"
MAVRO, $ 1.46 ,"25,833,648"
MediBloc (MED), $ 25.64 ,"571,915,893"
MedicalChain, $ 24.00 ,"5,454,397.64"
Merculet, $ 28.69 ,"8,480,714.31"
Mercury Protocol (GMT), $ 7.62 ,"4,968,780.00"
Metal, $ 0.03 ,"164,881,862"
Metaverse, $ 3.00 ,"18,896,761"
MicroMoney, $ 10.54 ,"246,417"
Midex, $ 22.00 ,
Miner One, $ 9.10 ,
MiniApps, $ 5.30 ,
Mira, $ 1.98 ,"16,306"
Mirocana, $ 2.92 ,
MobileGo, $ 53.07 ,"2,155,648"
MOBILINK COIN, $ 5.50 ,"7,707,042"
Mobius (MOBI), $ 39.00 ,"16,564,304"
ModulTrade (MTRC), $ 11.60 ,"118,413.63"
Moeda, $ 0.58 ,"17,325,619"
Monaco, $ 10.29 ,
Monetha (MTH), $ 29.95 ,"12,418,152"
Money Rebel, $ 3.84 ,"70,307.63"
MonsterByte, $ 0.97 ,
MOOVER, $ 50.92 ,
Moria (MOR), $ 6.00 ,
Morpheus Labs, $ 10.10 ,"24,326,990"
Morpheus Network, $ 7.50 ,"45,535,769"
Mossland, $ 9.36 ,
Mothership, $ 4.69 ,"763,120.52"
MSC, $ 5.51 ,1.94
Multiversum, $ 21.52 ,
MUSE, $ 0.54 ,"10,167,185"
Musiconomi (MCI), $ 6.77 ,"136,597.91"
MVL Chain, $ 9.97 ,"411,460,817"
Mycelium  (2nd round), $ 2.33 ,
Mysterium (1st round), $ 0.05 ,"13,903,584"
Mysterium Network, $ 14.10 ,"14,620,089"
MyWish, $ 2.67 ,"2,489,714"
Naga (NGC), $ 62.66 ,"2,567,593"
NaPoleonX, $ 13.95 ,"10,496,842"
Narrative, $ 14.64 ,"141,354.29"
Nauticus,17,
Nebula AI, $ 6.33 ,
Nebulas (NAS), $ 60.00 ,"36,869,692"
Nervos Network (Series A),28,"606,485,268.51"
Neufund (NEU), $ 14.90 ,"278,231,534"
NeuroChain, $ 26.53 ,"1,331,202"
Neuromation, $ 71.67 ,
Nexo, $ 50.10 ,"2,199,525,680"
Nimfamoney, $ 0.15 ,
Nimiq, $ 14.53 ,"137,650,910"
Nitro, $ 2.69 ,"1,424.40"
NKN, $ 14.20 ,"355,860,064"
Node, $ 1.15 ,
Nucleus.Vision, $ 40.00 ,"42,541,679"
Obits, $ 0.30 ,
Ocean Protocol (OCN), $ 11.10 ,"909,922,707"
ODEM.IO, $ 6.90 ,"5,219,829"
Odyssey, $ 50.00 ,"8,155,970"
OFNOG,15,
Olympus Labs (MOT), $ 60.00 ,"89,976.58"
Omnitude, $ 7.50 ,"903,183.21"
On-Demand Education Marketplace (ODEM), $ 6.89 ,
On.Live, $ 14.36 ,"1,460,943"
OneGram, $ 1.51 ,
OnPlace, $ 0.92 ,
Open Platform, $ 30.00 ,"7,723,809"
Open Platform, $ 18.00 ,"7,861,092"
Open Product Database, $ 2.50 ,
Open Source University,0.5,
OpenANX, $ 18.76 ,
Opus, $ 1.38 ,"597,688"
Oracles Network (POA), $ 13.37 ,"10,976,200"
OriginTrail (TRAC), $ 22.50 ,"156,106,832"
Orocrypt, $ 0.14 ,
Orozu, $ 5.02 ,
Otppay, $ 1.38 ,
Oxycoin (OXY), $ 6.25 ,
Pally (PAL), $ 1.18 ,
Paquarium, $ 0.62 ,
Paragon, $ 94.58 ,"469,812.28"
Pareto (PARETO), $ 10.00 ,"117,445.00"
PARKGENE, $ 29.50 ,"518,769.00"
Patientory, $ 6.52 ,"2,082,971"
Patron, $ 40.00 ,"3,026,530"
Paycent, $ 15.53 ,"255,078"
PAYERA,4.33,
PayPie, $ 26.00 ,"4,690,447"
PCHAIN, $ 26.67 ,"43,415,484.00"
PDX,9.58,
Pecunio, $ 20.54 ,
Peerplays, $ 1.46 ,"521,430"
Peoplewave, $ 0.59 ,"7,611,781.20"
PerfectChain Network,4,
Phantasma Protocol, $ 9.65 ,"25,145,805"
Pibble, $ 21.30 ,"60,187,293"
PikcioChain (PKC), $ 10.00 ,
Pillar, $ 18.53 ,"33,502,016"
Play2Live (LUC), $ 30.00 ,
Playkey (PKT), $ 10.45 ,"403,451"
Plutus, $ 1.00 ,
PM7, $ 2.20 ,
PolicyPal Network (PAL), $ 20.00 ,
Polybius, $ 31.65 ,"9,148,166"
PolySwarm (NCT), $ 25.94 ,"14,962,050"
Ponder (Private Sale), $ 1.50 ,
Pontem Inc.,2.5,
Poseidon Pre-Sale,2.45,"457,837,672.43"
Power Ledger (POWR), $ 23.23 ,"254,626,675"
Presearch, $ 20.50 ,"19,702,556"
PressOne, $ 82.00 ,"58,398,119"
Primalbase, $ 6.82 ,PBT
Privatix, $ 2.71 ,"81,708"
Project Decorum, $ 0.43 ,
Project SHIVOM, $ 35.00 ,"3,953,130.00"
Proof Suite (PRFT), $ 3.10 ,
PROPS, $ 25.00 ,"71,354,462"
Propy, $ 12.52 ,"79,753,586"
Prospector, $ 0.60 ,
Protos (PRTS), $ 5.72 ,
ProximaX, $ 28.71 ,"12,144,466"
Publica, $ 1.09 ,
PundiX (PXS), $ 35.00 ,"416,667,977"
Qash (QASH), $ 107.29 ,"78,701,189"
Qbao (QTUM), $ 9.80 ,"999,290"
Qlink, $ 32.17 ,"21,653,629"
Qlink, $ 19.27 ,
Qtum, $ 15.43 ,"1,183,179,606"
Quadrant Protocol,16,"5,807,693.95"
Quantstamp, $ 53.64 ,"40,592,987"
Quantum Resistant Ledger, $ 4.16 ,"24,341,517"
Quantum1Net, $ 4.15 ,
QuarkChain, $ 20.00 ,"182,872,958.93"
Qvolta, $ 0.73 ,"38,695.92"
R_Block, $ 2.22 ,
Rate3 Network, $ 17.50 ,"939,079"
REAL (REAL), $ 10.79 ,"1,532,488"
Reality Clash, $ 2.53 ,
REALT (RLT), $ 11.15 ,"4,355,559"
Red Pulse (RPX), $ 13.32 ,
Refereum, $ 32.25 ,"58,818,764.04"
REMME, $ 17.54 ,"2,342,346"
Rentberry (BERRY), $ 27.60 ,"300,856"
Republic Protocol (REN), $ 34.00 ,"522,314,307.26"
Repux, $ 4.70 ,
Request Network (REQ), $ 33.17 ,"91,631,480"
Restart Energy Democracy(MWAT), $ 30.00 ,"13,868,119"
Revain, $ 0.70 ,"944,751,950"
Rialto, $ 10.00 ,
Rialto.AI, $ 10.00 ,
RightMesh, $ 30.00 ,"387,154.72"
Ripio Credit Network (RCN), $ 37.43 ,"67,059,844"
Rise, $ 1.10 ,"1,660,645"
Rivetz, $ 13.63 ,"2,377,644"
Rocati Limited,1.1,
RootProject, $ 3.50 ,
RuCoin, $ 1.17 ,
RusGas, $ 2.21 ,
Saifu, $ 13.02 ,"4,313,335.78"
Sapien Network, $ 11.80 ,"4,422,578"
Science Blockchain (SCI), $ 12.27 ,
Scroll Token, $ 1.00 ,
Seal Network, $ 8.16 ,"133,656.00"
Seele, $ 12.13 ,"196,810,764.00"
SelfKey, $ 21.78 ,"54,036,804"
Selfkey Pre-sale, $ 15.84 ,"52,670,383"
Selfllery, $ 0.91 ,
Sense, $ 15.00 ,"14,626,652"
Sentinel Chain (SENC), $ 14.40 ,"560,414"
Sentinel Protocol, $ 4.20 ,"50,217,954"
Seratio Project (SER), $ 8.16 ,
Serenity Financial, $ 4.44 ,
ShareRing,1.55,
Sharpe Capital (SHP), $ 6.73 ,
ShipChain (SHIP), $ 30.00 ,"1,163,491"
Shopin, $ 42.55 ,
Shping (SHPNG), $ 6.70 ,"11,232,663"
Signals, $ 2.14 ,"299,030.30"
SilentNotary, $ 0.12 ,0
SilverCoin, $ 0.21 ,
Simdaq (SMQ), $ 5.00 ,
Simple Token (ST), $ 21.40 ,
SingularDTV, $ 7.50 ,"11,908,898"
SingularityNET, $ 32.85 ,"243,598,080"
Sirin Labs, $ 157.89 ,"8,425,986"
SkinCoin, $ 3.32 ,"748,540"
Skrumble Network, $ 16.47 ,"4,533,094.60"
Skychain, $ 9.82 ,
Slate,20,
Smart Investment Fund Token, $ 1.75 ,"449,441.46"
SmartGold, $ 4.27 ,
Smartlands, $ 1.75 ,"45,796,217"
SmartMesh, $ 15.69 ,"14,423,363"
Snip, $ 4.97 ,
Snovio, $ 2.13 ,"622,379.80"
Social(SCL), $ 5.22 ,"260,405"
Socialmedia.market, $ 8.46 ,
SOFIN,1.31,
Sola, $ 2.23 ,"72,960.86"
Solomon Exchange, $ 0.16 ,
Solve.Care, $ 35.00 ,
Soma, $ 6.05 ,"16,498.75"
SONM, $ 42.00 ,"107,291,528"
SophiaTX, $ 23.47 ,"641,584"
Sp8de (SPX), $ 6.50 ,"476,977.78"
Sparkster,30,"2,212,403"
Spectiv, $ 7.61 ,"52,955.90"
Spectre (SPEC), $ 15.39 ,
Spells of Genesis, $ 0.53 ,
SPiCE VC (SPX), $ 40.00 ,
SportyFi (SPF), $ 5.09 ,
Squeezer, $ 14.81 ,
SRG, $ 3.16 ,
Starbase (STAR), $ 8.92 ,"25,067,101"
Starta, $ 5.00 ,
STK Token, $ 17.00 ,"1,418,735"
Storiqa (STQ), $ 25.00 ,"303,648"
Storiqa 1 (ETH), $ 1.30 ,"305,120"
Storjcoin X, $ 0.42 ,
Storm, $ 30.72 ,"223,384,971"
Stratis, $ 0.60 ,"17,739,071"
Streamity Crowdsale (Phase-1), $ 4.20 ,
StuffGoGo, $ 0.24 ,
Substratum, $ 12.21 ,"2,025,405"
Sumerchain, $ -   ,
SunContract, $ 2.41 ,"3,856,665"
SuperNET, $ 2.50 ,
Suretly, $ 1.68 ,"50,763"
Swarm, $ 0.74 ,"7,872,664"
Swarm Fund, $ 5.37 ,
Swiss Alps Mining,6.02,
SwissBorg (CHSB), $ 51.90 ,"761,993,919"
Switcheo Network (SWH), $ 8.70 ,
SyncFab, $ 10.40 ,"17,526,564.88"
Synereo, $ 4.70 ,
Synexcoin, $ 0.49 ,
Synth, $ 2.00 ,
TaaS, $ 7.57 ,
Talao,2.34,477542
TaTaTu (TTU), $ 575.00 ,"177,954,533.00"
TE-FOOD (TFD), $ 19.10 ,"50,139,550"
Telcoin, $ 25.00 ,"3,263,738,933"
Telegram, $ 850.00 ,
Telegram, $ 850.00 ,
Tesoro, $ 5.00 ,
Tezos, $ 232.00 ,"1,906,039,966"
The Bee Token, $ 15.00 ,"207,614.25"
The DAO, $ 152.00 ,
The Deal Coin,17.64,
The Divi Project (DVIX), $ 3.23 ,"138,024,103"
Thekey.vip, $ 22.00 ,"8,924,843"
Themis Network, $ 12.00 ,"2,013,539"
Theta (THETA), $ 20.00 ,"8,791,579,274"
Thor Token, $ 21.06 ,"793,987,701"
Thrive, $ 26.03 ,"73,262"
Ticko,6.03,
Tierion, $ 25.04 ,"51,660,000.00"
Ties.Network (TIE), $ 8.29 ,
Time New Bank, $ 14.38 ,"13,636,572"
Titanium Blockchain Infrastructure Services (BAR), $ 35.00 ,
Tokenbox (TBX), $ 8.32 ,"354,761"
TokenCard, $ 12.70 ,
Tokenomy (TEN), $ 13.00 ,"30,186,330"
TokenPay, $ 28.68 ,"2,551,484"
TokenPay (TPAY), $ 28.68 ,"2,502,579"
Tokens.net (DTR), $ 15.00 ,
TokenSpeed, $ 0.65 ,
TokenStars, $ 4.90 ,"76,833"
TokenStars TEAM, $ 8.20 ,"82,406"
Tokes, $ 0.25 ,"18,020,184"
TomoCoin, $ 8.60 ,
Trackr, $ 0.29 ,
trade.io, $ 31.17 ,
trade.io Pre-sale, $ 11.29 ,
Tradershub, $ 0.88 ,
Tradingene,1.43,
TraDove, $ 30.00 ,"3,604,680"
TrakInvest (TRAK), $ 33.00 ,"273,556.92"
TravelBlock,25.2,
Traxia Membership Token, $ 15.10 ,"748,600.00"
Trinity (TNC), $ 20.00 ,"1,262,531"
Tripago,8.12,
TrueFlip, $ 4.04 ,"2,654,241"
TrustedHealth, $ 1.25 ,
TTC Protocol, $ 19.11 ,"10,998,859.00"
TV-TWO,8.7,
UBIATAR, $ 12.00 ,
uKit, $ 2.50 ,
Unibright, $ 13.54 ,"170,106,656.67"
UnikoinGold (UKG), $ 31.59 ,"5,601,630.00"
Universa (UTN), $ 28.68 ,"18,750,008"
Universal Labs,19.07,
uooMAG (UMC), $ 20.00 ,
Uptoken (UP), $ 18.93 ,"380,770"
UQUID Eco System (UQC), $ 17.80 ,"892,306,187"
UTRUST, $ 21.00 ,"169,690,097"
Uttoken, $ 30.85 ,"36,179,428"
VALID (VLD), $ 10.73 ,"5,010,000"
vDice, $ 1.65 ,
Verasity,4,"184,889,780.40"
Verify, $ 2.50 ,"539,824.47"
Veritaseum, $ 9.58 ,"1,789,869,488"
Vestarin, $ 2.08 ,
Vezt, $ 1.38 ,"1,539,175.60"
Viberate, $ 10.71 ,"10,727,230"
Viberate (VIB), $ 12.00 ,"10,679,850"
Vice Industry (VIT), $ 14.40 ,
VideoCoin, $ 50.00 ,"89,774,275"
Viewly, $ 12.00 ,"2,270,502.80"
VinChain, $ 6.20 ,"3,946,779"
Virtual Accelerator, $ 0.65 ,
Virtue Poker, $ 18.55 ,"183,120,543"
VIRUS,20,
VISO,1,
VLB Token, $ 3.51 ,
VLB Token, $ 1.99 ,
VOISE, $ 0.41 ,"2,129.99"
VVToken,6.1,
WaBi, $ 11.50 ,"23,712,180"
Wagerr, $ 9.92 ,"9,869,808"
Wala, $ 1.20 ,
WallChain,1,
Wanchain, $ 35.99 ,"179,307,413"
Waves, $ 16.00 ,"1,662,975,194"
WAX (WAX), $ 45.36 ,"601,292,326"
Wealth Migrate, $ 3.37 ,
WePower, $ 40.00 ,"14,325,880.61"
WePower Pre-sale, $ 3.00 ,"15,552,107"
WeTrust, $ 4.66 ,"791,661"
Winding Tree (LIF), $ 14.00 ,"6,209,367.64"
Wings, $ 2.07 ,"4,604,423"
Wishfinance (WISH), $ 0.92 ,
Wolk Pre Sale, $ 11.77 ,
World Wi-Fi, $ 25.00 ,
WorldWide Anonymous Messaging, $ 0.17 ,
Xaurum, $ 0.85 ,"3,041,368"
XchangeRate, $ 10.63 ,
XPlay, $ 10.91 ,
Xriba,12.6,"4,541,350.00"
XTrade (XTRD), $ 26.00 ,
XYO Network, $ 12.00 ,"87,948,682"
YGGDRASH (YEED), $ 40.00 ,"3,748,813"
Zap Store, $ 2.83 ,"42,774,254"
Zebi, $ 8.56 ,"4,318,081"
Zeepin (ZPT), $ 60.84 ,"1,032,318"
Zen Protocol, $ 46.37 ,"1,239,416"
Zenome, $ 0.66 ,
Ziggurat Token, $ 10.00 ,
Zilliqa (ZIL), $ 22.00 ,"2,630,852,650"
Zipper, $ 3.20 ,"25,251,000.00"
ZPER, $ 23.21 ,"1,415,799"
Zrcoin, $ 7.01 ,"892,056"